[
{"name":"Med Network Daily Claims by Payers","lens":["organization","product","customer"]},
{"name":"Med Network Daily Claims by Submitters","lens":["organization","product","customer"]},
{"name":"Med Network Claims Summary","lens":["organization","product","revenue"]},
{"name":"Med Network Claims Submitter Detail","lens":["organization","product","customer"]},
{"name":"Med Network Claims Payer Detail","lens":["organization","product","customer"]},
{"name":"Med Network Claims Top 50 Submitters","lens":["organization","product","customer"]},
{"name":"Med Network Claims Top 50 Payers","lens":["organization","product","customer"]},
{"name":"Med Network Claims Submitter Comparison","lens":["organization","product","customer"]},
{"name":"Med Network Claims Payer Comparison","lens":["organization","product","customer"]},
{"name":"Med Network Daily ERAs by Payers","lens":["organization","product","customer"]},
{"name":"Med Network Daily ERAs by Submitters","lens":["organization","product","customer"]},
{"name":"Med Network ERA Summary","lens":["organization","product","revenue"]},
{"name":"Med Network ERA 2X2 Submitter","lens":["organization","product","customer"]},
{"name":"Med Network ERA 2X2 Payer","lens":["organization","product","customer"]},
{"name":"Med Network ERA Top 50 Submitters","lens":["organization","product","customer"]},
{"name":"Med Network ERA Top 50 Payers","lens":["organization","product","customer"]},
{"name":"Med Network Eligibility Daily By Payer","lens":["organization","product","customer","revenue"]},
{"name":"Med Network Eligibility Daily By Submitter","lens":["organization","product","customer"]},
{"name":"Med Network Eligibility Summary","lens":["organization","product","revenue"]},
{"name":"Med Network Eligibility 2X2 Submitter","lens":["organization","product","customer"]},
{"name":"Med Network Eligibility 2X2 Payer","lens":["organization","product","customer"]},
{"name":"Med Network Eligibility Top 50 Submitters","lens":["organization","product","customer"]},
{"name":"Med Network Eligibility Top 50 Payers","lens":["organization","product","customer"]},
{"name":"Med Network Eligibility Submitter Comparison","lens":["organization","product","customer"]},
{"name":"Med Network Eligibility Payer Comparison","lens":["organization","product","customer"]},
{"name":"Med Network Submitter Billing","lens":["organization","product","customer","revenue"]},
{"name":"Med Network Payer Billing","lens":["organization","product","customer","revenue"]},
{"name":"Med Network Combined Billing","lens":["organization","product","customer","revenue"]},
{"name":"Clinical Network Clinical Exchange Billing","lens":["organization","customer","revenue"]},
{"name":"B2B Payments Product Output Metrics","lens":["organization"]},
{"name":"B2B Payments Product Input Metrics","lens":["organization","product"]},
{"name":"B2B Payments Product Output Detailed","lens":["organization","product"]},
{"name":"B2B Payments Revenue","lens":["organization","product","revenue"]},
{"name":"B2B Payments VCC Predicted Attrition","lens":["organization","customer"]},
{"name":"C2B Payments Product Output Metrics","lens":["organization"]},
{"name":"C2B Payments Forecast","lens":["organization"]},
{"name":"C2B Payments Product Input Metrics","lens":["organization","product","revenue"]},
{"name":"C2B Payments Product Metric Cuts","lens":["organization","product","customer"]},
{"name":"C2B Payments Revenue","lens":["organization","product","revenue"]},
{"name":"C2B Payments NPS & TPS","lens":["organization","product","qual"]},
{"name":"C2B Payments Top 20 Providers","lens":["organization","customer"]},
{"name":"C2B Payments Full Payments Funnel","lens":["organization","product","revenue"]},
{"name":"C2B Payments P3 Home Page","lens":["organization","product","customer"]},
{"name":"C2B Payments P3 Search Page","lens":["organization","product","customer"]},
{"name":"C2B Payments P3 Draw Down Report","lens":["organization","product","customer"]},
{"name":"C2B Payments P3 Draw Down Aging Report","lens":["organization","product","customer"]},
{"name":"C2B Payments P3 Disbursement Report","lens":["organization","product","customer"]},
{"name":"C2B Payments P3 Disbursement Aging Report","lens":["organization","product","customer"]},
{"name":"C2B Payments P3 Settlement Report","lens":["organization","product","customer"]},
{"name":"C2B Payments PC Summary","lens":["organization","product","customer"]},
{"name":"C2B Payments PC Provider Monthly Campaign Detail","lens":["organization","product","customer"]},
{"name":"C2B Payments PC Additional Details","lens":["organization","product","customer"]},
{"name":"C2B Payments PC Attribution Funnel","lens":["organization","product","customer","revenue"]},
{"name":"C2B Payments PC Payments Breakdown","lens":["organization","product","revenue"]},
{"name":"Print Output Metrics","lens":["organization","product"]},
{"name":"Print Volume Overall","lens":["organization","product"]},
{"name":"Print Estimated Revenue","lens":["organization","product","revenue"]},
{"name":"Print Input Metrics","lens":["organization","product"]},
{"name":"Print Revenue","lens":["organization","product","customer","revenue"]},
{"name":"Print Detailed Metrics","lens":["organization","product"]},
{"name":"Print Tracking Received File Aging Dashboard","lens":["organization","product","customer"]},
{"name":"Print Tracking Received File Event Drilldown","lens":["organization","product","customer"]},
{"name":"Print Tracking Received File Date Drilldown","lens":["organization","product","customer"]},
{"name":"Print Tracking Processed File Aging Dashboard","lens":["organization","product","customer"]},
{"name":"Print Tracking Processed File Event Drilldown","lens":["organization","product","customer"]},
{"name":"Print Tracking Processed File Date Drilldown","lens":["organization","product","customer"]},
{"name":"RCM Revenue","lens":["organization","revenue"]},
{"name":"RCM Sales AOV","lens":["organization","sales"]},
{"name":"RCM Sales Pipeline","lens":["organization","product","sales"]},
{"name":"RCM Attrition","lens":["organization","product","revenue"]},
{"name":"RCM TPS","lens":["organization","product","qual"]},
{"name":"RCM Transactions","lens":["organization","product","sales"]},
{"name":"Risk Analytics Membership Counts Summary","lens":["organization"]},
{"name":"Risk Analytics Encounters & Claims Submissions","lens":["organization","product"]},
{"name":"Risk Analytics Membership Trends","lens":["organization","customer"]},
{"name":"ETPM Capital Expenses Summarized", "lens":["organization","product","spend"]},
{"name":"ETPM CAPEX Tracker Capital Expenses Individual","lens":["organization","product","spend"]},
{"name":"ETPM CAPEX Tracker Capital Expenses Easy Download","lens":["organization","product","spend"]},
{"name":"ETPM CAPEX Tracker Lifetime Spend by Type","lens":["organization","product","spend"]},
{"name":"ETPM CAPEX Tracker Spend vs Budget","lens":["organization","product","spend"]},
{"name":"ETPM CAPEX Tracker Lifetime Spend by Year","lens":["organization","product","spend"]},
{"name":"ETPM CAPEX Tracker Yearly Spend by Type","lens":["organization","product","spend"]},
{"name":"ETPM CAPEX Tracker Yearly Spend","lens":["organization","product","spend"]},
{"name":"ETPM CAPEX Tracker Monthly Spend","lens":["organization","product","spend"]},
{"name":"Finance Pricing UBS Pricing Report","lens":["organization","product"]},
{"name":"Clinical Network Clinical Exchange Billing2","lens":["organization","customer","revenue"]},
{"name":"Infosec Risk Remediation Risk Register","lens":["organization"]},
{"name":"Infosec RR Risk Details","lens":["organization"]},
{"name":"Infosec Risk Trends","lens":["organization"]},
{"name":"Infosec IR Security Tools Inventory","lens":["organization","product"]},
{"name":"Infosec IR Synopsis","lens":["organization"]},
{"name":"Infosec Incident Response","lens":["organization"]},
{"name":"Infosec VR Vendor Growth","lens":["organization"]},
{"name":"Infosec Cumulative Top Findings","lens":["organization"]},
{"name":"Infosec Infosec Slides","lens":["organization"]}
]