{"index": {}}
{
    "name": "Med Network Daily Claims by Payers",
    "imageURL": "med_network_daily_claims_by_payers.jpg",
    "tier": "2",
    "url": "http://status.emdeon.net/t/Solutions/views/DailyClaims/DailyClaimsbyPayers",
    "ring1": "Organization",
    "ring2": "Network Solutions",
    "ring3": "Medical Network",
    "lens": ["spend", "revenue"],
    "Parent-Business-Unit": "Network Solutions",
    "Business-Unit": "Medical Network",
    "metrics": ["Transactional Volume"],
    "filters": ["Year","Month","Par Status","Is Mga","Payer Parent Name","Payer Name","Payer Financials Customer Id","Submitter Name","Submitter Financials Customer Id"],
    "products": ["Medical Claims"],
    "transactions-types": ["Claims"],
    "tags": ["Claim"]
}
{"index": {}}
{
    "name": "Med Network Daily Claims by Submitters",
    "imageURL": "med_network_daily_claims_by_submitters.jpg",
    "tier": "2",
    "url": "http://status.emdeon.net/t/Solutions/views/DailyClaims/DailyClaimsbySubmitters",
    "ring1": "Organization",
    "ring2": "Network Solutions",
    "ring3": "Medical Network",
    "lens": ["revenue"],
    "Parent-Business-Unit": "Network Solutions",
    "Business-Unit": "Medical Network",
    "metrics": ["Transactional Volume"],
    "filters": ["Year","Month","Par Status","Is Mga","Payer Parent Name","Payer Name","Payer Financials Customer Id","Submitter Name","Submitter Financials Customer Id"],
    "products": ["Medical Claims"],
    "transactions-types": ["Claims"],
    "tags": ["Claim"]
}
{"index": {}}
{
    "name": "Med Network Claims Summary",
    "imageURL": "med_network_claims_summary.jpg",
    "tier": "1",
    "url": "http://status.emdeon.net/t/Solutions/views/MedicalNetworksClaimsMonthly/ClaimsSummary",
    "ring1": "Organization",
    "ring2": "Network Solutions",
    "ring3": "Medical Network",
    "Parent-Business-Unit": "Network Solutions",
    "Business-Unit": "Medical Network",
    "metrics": ["Total Volume", "AWDV YoY Growth Rate"],
    "filters": ["Finance Data","Transactional Data","Year","Month","Par Status","AWDV Claims Count","Absolute Claims Count","Actual","Plan"],
    "products": ["Medical Claims"],
    "transactions-types": ["Claims"],
    "tags": ["Claim"]
}
{"index": {}}
{
    "name": "Med Network  Claims Submitter Detail",
    "imageURL": "med_network__claims_submitter_detail.jpg",
    "tier": "2",
    "url": "http://status.emdeon.net/t/Solutions/views/MedicalNetworksClaimsMonthly/SubmitterDetail",
    "ring1": "Organization",
    "ring2": "Network Solutions",
    "ring3": "Medical Network",
    "Parent-Business-Unit": "Network Solutions",
    "Business-Unit": "Medical Network",
    "metrics": ["Total Volume", "AWDV YoY Growth Rate"],
    "filters": ["Absolute"," AWDV"," AWDV YOY Growth Rate","Year"," Month"," Is Mga"," Par Status"," Submitter Name"," Submitter Pricing Plan"," Submitter Group Id","Payer Parent Name"],
    "products": ["Medical Claims"],
    "transactions-types": ["Claims"],
    "tags": ["Claim"]
}
{"index": {}}
{
    "name": "Med Network Claims Payer Detail",
    "imageURL": "med_network_claims_payer_detail.jpg",
    "tier": "2",
    "url": "http://status.emdeon.net/t/Solutions/views/MedicalNetworksClaimsMonthly/PayerDetail",
    "ring1": "Organization",
    "ring2": "Network Solutions",
    "ring3": "Medical Network",
    "Parent-Business-Unit": "Network Solutions",
    "Business-Unit": "Medical Network",
    "metrics": ["Growing Submitters","Declining Submitters"],
    "filters": ["Absolute"," AWDV"," AWDV YOY Growth Rate","Year"," Month"," Is Mga"," Par Status"," Submitter Name"," Submitter Pricing Plan"," Submitter Group Id","Payer Parent Name"],
    "products": ["Medical Claims"],
    "transactions-types": ["Claims"],
    "tags": ["Claim"]
}
{"index": {}}
{
    "name": "Med Network Claims Top 50 Submitters",
    "imageURL": "med_network_claims_top_50_submitters.jpg",
    "tier": "2",
    "url": "http://status.emdeon.net/t/Solutions/views/MedicalNetworksClaimsMonthly/Top50Submitters",
    "ring1": "Organization",
    "ring2": "Network Solutions",
    "ring3": "Medical Network",
    "Parent-Business-Unit": "Network Solutions",
    "Business-Unit": "Medical Network",
    "metrics": ["Growing Payers", "Declining Payers"],
    "filters": ["Absolute","AWDV","Year","Month","Is Mga","Par Status","Payer Parent Name","Payer Name","Payer Pricing Plan","Payer Group Id","Growing Submitters","Declining Submitters"],
    "products": ["Medical Claims"],
    "transactions-types": ["Claims"],
    "tags": ["Claim"]
}
{"index": {}}
{
    "name": "Med Network Claims Top 50 Payers",
    "imageURL": "med_network_claims_top_50_payers.jpg",
    "tier": "2",
    "url": "http://status.emdeon.net/t/Solutions/views/MedicalNetworksClaimsMonthly/Top50Payers",
    "ring1": "Organization",
    "ring2": "Network Solutions",
    "ring3": "Medical Network",
    "Parent-Business-Unit": "Network Solutions",
    "Business-Unit": "Medical Network",
    "metrics": ["Volume Comparison"],
    "filters": ["Absolute","AWDV","Year","Month","Is Mga","Imputed Par Status","Submitter Name","Submitter Pricing Plan","Submitter Financials Customer Id","Growing Payers","Declining Payers"],
    "products": ["Medical Claims"],
    "transactions-types": ["Claims"],
    "tags": ["Claim"]
}
{"index": {}}
{
    "name": "Med Network Claims Submitter Comparison",
    "imageURL": "med_network_claims_submitter_comparison.jpg",
    "tier": "2",
    "url": "http://status.emdeon.net/t/Solutions/views/MedicalNetworksClaimsMonthly/SubmitterComparison",
    "ring1": "Organization",
    "ring2": "Network Solutions",
    "ring3": "Medical Network",
    "Parent-Business-Unit": "Network Solutions",
    "Business-Unit": "Medical Network",
    "metrics": ["Volume Comparison"],
    "filters": ["Year","Month","Is Mga","Par Status","Payer Parent Name","Payer Name","Payer Group Id","Top 20 Submitter Names","Submitter Group Id"],
    "products": ["Medical Claims"],
    "transactions-types": ["Claims"],
    "tags": ["Claim"]
}
{"index": {}}
{
    "name": "Med Network Claims Payer Comparison",
    "imageURL": "med_network_claims_payer_comparison.jpg",
    "tier": "2",
    "url": "http://status.emdeon.net/t/Solutions/views/MedicalNetworksClaimsMonthly/PayerComparison",
    "ring1": "Organization",
    "ring2": "Network Solutions",
    "ring3": "Medical Network",
    "Parent-Business-Unit": "Network Solutions",
    "Business-Unit": "Medical Network",
    "metrics": ["Volume Comparison"],
    "filters": ["Year","Month","Is Mga","Par Status","Submitter Name","Payer Group Id","Submitter Group Id","Top 20 Payer Parent Names"],
    "products": ["Medical Claims"],
    "transactions-types": ["Claims"],
    "tags": ["Claim"]
}
{"index": {}}
{
    "name": "Med Network Daily ERAs by Payers",
    "imageURL": "med_network_daily_eras_by_payers.jpg",
    "tier": "2",
    "url": "http://status.emdeon.net/t/Solutions/views/DailyERAs/DailyERAsbyPayers",
    "ring1": "Organization",
    "ring2": "Network Solutions",
    "ring3": "Medical Network",
    "Parent-Business-Unit": "Network Solutions",
    "Business-Unit": "Medical Network",
    "metrics": ["Transactional Volume"],
    "filters": ["Year","Month","Par Status","Is Mga","Payer Parent Name","Payer Name","Payer Financials Customer Id","Submitter Name","Submitter Financials Customer Id"],
    "products": ["Medical ERAs"],
    "transactions-types": ["ERAs"],
    "tags": ["ERA"]
}
{"index": {}}
{
    "name": "Med Network Daily ERAs by Submitters",
    "imageURL": "med_network_daily_eras_by_submitters.jpg",
    "tier": "2",
    "url": "http://status.emdeon.net/t/Solutions/views/DailyERAs/DailyERAsbySubmitters",
    "ring1": "Organization",
    "ring2": "Network Solutions",
    "ring3": "Medical Network",
    "Parent-Business-Unit": "Network Solutions",
    "Business-Unit": "Medical Network",
    "metrics": ["Transactional Volume"],
    "filters": ["Year","Month","Par Status","Is Mga","Payer Parent Name","Payer Name","Payer Financials Customer Id","Submitter Name","Submitter Financials Customer Id"],
    "products": ["Medical ERAs"],
    "transactions-types": ["ERAs"],
    "tags": ["ERA"]
}
{"index": {}}
{
    "name": "Med Network ERA Summary",
    "imageURL": "med_network_era_summary.jpg",
    "tier": "1",
    "url": "http://status.emdeon.net/t/Solutions/views/MedicalNetworksERAsMonthly/ERAsSummary",
    "ring1": "Organization",
    "ring2": "Network Solutions",
    "ring3": "Medical Network",
    "Parent-Business-Unit": "Network Solutions",
    "Business-Unit": "Medical Network",
    "metrics": ["Total Volume","AWDV YoY Growth Rate"],
    "filters": ["Finance Data","Transactional Data","Year","Month","Par Status","AWDV ERAs Count","Absolute ERAs Count","Actual","Plan"],
    "products": ["Medical ERAs"],
    "transactions-types": ["ERAs"],
    "tags": ["ERA"]
}
{"index": {}}
{
    "name": "Med Network ERA 2X2 Submitter",
    "imageURL": "med_network_era_2x2_submitter.jpg",
    "tier": "2",
    "url": "http://status.emdeon.net/t/Solutions/views/MedicalNetworksERAsMonthly/2X2Submitter",
    "ring1": "Organization",
    "ring2": "Network Solutions",
    "ring3": "Medical Network",
    "Parent-Business-Unit": "Network Solutions",
    "Business-Unit": "Medical Network",
    "metrics": ["Total Volume","AWDV YoY Growth Rate"],
    "filters": ["Absolute","AWDV","AWDV YOY Growth Rate","Year","Month","Is Mga","Imputed Par Status","Submitter Name","Submitter Financials Customer Id","Payer Parent Name"],
    "products": ["Medical ERAs"],
    "transactions-types": ["ERAs"],
    "tags": ["ERA"]
}
{"index": {}}
{
    "name": "Med Network ERA 2X2 Payer",
    "imageURL": "med_network_era_2x2_payer.jpg",
    "tier": "2",
    "url": "http://status.emdeon.net/t/Solutions/views/MedicalNetworksERAsMonthly/2X2Payer",
    "ring1": "Organization",
    "ring2": "Network Solutions",
    "ring3": "Medical Network",
    "Parent-Business-Unit": "Network Solutions",
    "Business-Unit": "Medical Network",
    "metrics": ["Growing Submitters","Declining Submitters"],
    "filters": ["Absolute","AWDV","AWDV YOY Growth Rate","Year","Month","Is Mga","Imputed Par Status","Payer Parent Name","Payer Name","Payer Financials Customer Id","Submitter Name"],
    "products": ["Medical ERAs"],
    "transactions-types": ["ERAs"],
    "tags": ["ERA"]
}
{"index": {}}
{
    "name": "Med Network ERA Top 50 Submitters",
    "imageURL": "med_network_era_top_50_submitters.jpg",
    "tier": "2",
    "url": "http://status.emdeon.net/t/Solutions/views/MedicalNetworksERAsMonthly/Top50Submitters",
    "ring1": "Organization",
    "ring2": "Network Solutions",
    "ring3": "Medical Network",
    "Parent-Business-Unit": "Network Solutions",
    "Business-Unit": "Medical Network",
    "metrics": ["Growing Payers","Declining Payers"],
    "filters": ["Absolute","AWDV","Year","Month","Is Mga","Imputed Par Status","Payer Parent Name","Payer Name","Payer Financials Customer Id","Growing Submitters","Declining Submitters"],
    "products": ["Medical ERAs"],
    "transactions-types": ["ERAs"],
    "tags": ["ERA"]
}
{"index": {}}
{
    "name": "Med Network ERA Top 50 Payers",
    "imageURL": "med_network_era_top_50_payers.jpg",
    "tier": "2",
    "url": "http://status.emdeon.net/t/Solutions/views/MedicalNetworksERAsMonthly/Top50Payers",
    "ring1": "Organization",
    "ring2": "Network Solutions",
    "ring3": "Medical Network",
    "Parent-Business-Unit": "Network Solutions",
    "Business-Unit": "Medical Network",
    "metrics": ["Volume Comparison"],
    "filters": ["Absolute","AWDV","Year","Month","Is Mga","Imputed Par Status","Submitter Name","Submitter Financials Customer Id","Growing Payers","Declining Payers"],
    "products": ["Medical ERAs"],
    "transactions-types": ["ERAs"],
    "tags": ["ERA"]
}
{"index": {}}
{
    "name": "Med Network Eligibility Daily By Payer",
    "imageURL": "med_network_eligibility_daily_by_payer.jpg",
    "tier": "2",
    "url": "http://status.emdeon.net/t/Solutions/views/DailyEligibilityClaimInquiryetc/ByPayer",
    "ring1": "Organization",
    "ring2": "Network Solutions",
    "ring3": "Medical Network",
    "Parent-Business-Unit": "Network Solutions",
    "Business-Unit": "Medical Network",
    "metrics": ["Transactional Volume"],
    "filters": ["Transaction Group Name","Year","Month","Par Status","Billable","Payer Names","Submitter Names","Product Name","Error Code","Severity Code","Response Code"],
    "products": ["Medical Status"],
    "transactions-types": ["Eligibility","Claim Inquiry","Address Verification","Credit Report","Healthcare Services","Other Realtime Medical"],
    "tags": ["Realtime"]
}
{"index": {}}
{
    "name": "Med Network Eligibility Daily By Submitter",
    "imageURL": "med_network_eligibility_daily_by_submitter.jpg",
    "tier": "2",
    "url": "http://status.emdeon.net/t/Solutions/views/DailyEligibilityClaimInquiryetc/BySubmitter",
    "ring1": "Organization",
    "ring2": "Network Solutions",
    "ring3": "Medical Network",
    "Parent-Business-Unit": "Network Solutions",
    "Business-Unit": "Medical Network",
    "metrics": ["Transactional Volume"],
    "filters": ["Transaction Group Name","Year","Month","Par Status","Billable","Payer Names","Submitter Names","Product Name","Error Code","Severity Code","Response Code"],
    "products": ["Medical Status"],
    "transactions-types": ["Eligibility","Claim Inquiry","Address Verification","Credit Report","Healthcare Services","Other Realtime Medical"],
    "tags": ["Realtime"]
}
{"index": {}}
{
    "name": "Med Network Eligibility Summary",
    "imageURL": "med_network_eligibility_summary.jpg",
    "tier": "1",
    "url": "http://status.emdeon.net/t/Solutions/views/MedicalNetworksMonthlyEligibilityClaimInquiryetc/Summary",
    "ring1": "Organization",
    "ring2": "Network Solutions",
    "ring3": "Medical Network",
    "Parent-Business-Unit": "Network Solutions",
    "Business-Unit": "Medical Network",
    "metrics": ["Ave Working Day Volume","Absolute Count","AWDV Actual vs Planned",""],
    "filters": ["Finance Data","Transactional Data","Transaction Group NameYear","Month","Par Status","AWDV","Absolute Count","Actual","Plan"],
    "products": ["Medical Status"],
    "transactions-types": ["Eligibility","Claim Inquiry","Address Verification","Credit Report","Healthcare Services","Other Realtime Medical"],
    "tags": ["Realtime"]
}
{"index": {}}
{
    "name": "Med Network Eligibility 2X2 Submitter",
    "imageURL": "med_network_eligibility_2x2_submitter.jpg",
    "tier": "2",
    "url": "http://status.emdeon.net/t/Solutions/views/MedicalNetworksMonthlyEligibilityClaimInquiryetc/2X2Submitter",
    "ring1": "Organization",
    "ring2": "Network Solutions",
    "ring3": "Medical Network",
    "Parent-Business-Unit": "Network Solutions",
    "Business-Unit": "Medical Network",
    "metrics": ["Total Volume","AWDV YoY Growth Rate"],
    "filters": ["Absolute","AWDV","AWDV YOY Growth Rate","Transaction Group Name","Year","Month","Par Status","Billable","Payer Names","Payer Parent Names","Product Name","Error Code","Severity Code","Response Code","Submitter Name"],
    "products": ["Medical Status"],
    "transactions-types": ["Eligibility","Claim Inquiry","Address Verification","Credit Report","Healthcare Services","Other Realtime Medical"],
    "tags": ["Realtime"]
}
{"index": {}}
{
    "name": "Med Network Eligibility 2X2 Payer",
    "imageURL": "med_network_eligibility_2x2_payer.jpg",
    "tier": "2",
    "url": "http://status.emdeon.net/t/Solutions/views/MedicalNetworksMonthlyEligibilityClaimInquiryetc/2X2Payer",
    "ring1": "Organization",
    "ring2": "Network Solutions",
    "ring3": "Medical Network",
    "Parent-Business-Unit": "Network Solutions",
    "Business-Unit": "Medical Network",
    "metrics": ["Total Volume","AWDV YoY Growth Rate"],
    "filters": ["Absolute","AWDV","AWDV YOY Growth Rate","Transaction Group Name","Year","Month","Par Status","Billable","Payer Names","Submitter Names","Product Name","Error Code","Severity Code","Response Code"],
    "products": ["Medical Status"],
    "transactions-types": ["Eligibility","Claim Inquiry","Address Verification","Credit Report","Healthcare Services","Other Realtime Medical"],
    "tags": ["Realtime"]
}
{"index": {}}
{
    "name": "Med Network Eligibility Top 50 Submitters",
    "imageURL": "med_network_eligibility_top_50_submitters.jpg",
    "tier": "2",
    "url": "http://status.emdeon.net/t/Solutions/views/MedicalNetworksMonthlyEligibilityClaimInquiryetc/Top50Submitters",
    "ring1": "Organization",
    "ring2": "Network Solutions",
    "ring3": "Medical Network",
    "Parent-Business-Unit": "Network Solutions",
    "Business-Unit": "Medical Network",
    "metrics": ["Growing Submitters","Declining Submitters"],
    "filters": ["Absolute","AWDV","Transaction Group Name","Year","Month","Par Status","Billable","Payer Names","Payer Parent Names","Product Name","Error Code","Severity Code","Growing Payers","Declining Payers"],
    "products": ["Medical Status"],
    "transactions-types": ["Eligibility","Claim Inquiry","Address Verification","Credit Report","Healthcare Services","Other Realtime Medical"],
    "tags": ["Realtime"]
}
{"index": {}}
{
    "name": "Med Network Eligibility Top 50 Payers",
    "imageURL": "med_network_eligibility_top_50_payers.jpg",
    "tier": "2",
    "url": "http://status.emdeon.net/t/Solutions/views/MedicalNetworksMonthlyEligibilityClaimInquiryetc/Top50Payers",
    "ring1": "Organization",
    "ring2": "Network Solutions",
    "ring3": "Medical Network",
    "Parent-Business-Unit": "Network Solutions",
    "Business-Unit": "Medical Network",
    "metrics": ["Growing Payers","Declining Payers"],
    "filters": ["Absolute","AWDV","Transaction Group Name","Year","Month","Par Status","Billable","Payer Names","Submitter Names","Product Name","Error Code","Severity Code","Growing Submitters","Declining Submitters"],
    "products": ["Medical Status"],
    "transactions-types": ["Eligibility","Claim Inquiry","Address Verification","Credit Report","Healthcare Services","Other Realtime Medical"],
    "tags": ["Realtime"]
}
{"index": {}}
{
    "name": "Med Network Eligibility Submitter Comparison",
    "imageURL": "med_network_eligibility_submitter_comparison.jpg",
    "tier": "2",
    "url": "http://status.emdeon.net/t/Solutions/views/MedicalNetworksMonthlyEligibilityClaimInquiryetc/SubmitterComparison",
    "ring1": "Organization",
    "ring2": "Network Solutions",
    "ring3": "Medical Network",
    "Parent-Business-Unit": "Network Solutions",
    "Business-Unit": "Medical Network",
    "metrics": ["Volume Comparison"],
    "filters": ["Transaction Group Name","Top 20 Submitter Names","Year","Month","Par Status","Billable","Payer Names","Payer Parent Names","Product Name","Error Code","Severity Code","Response Code"],
    "products": ["Medical Status"],
    "transactions-types": ["Eligibility","Claim Inquiry","Address Verification","Credit Report","Healthcare Services","Other Realtime Medical"],
    "tags": ["Realtime"]
}
{"index": {}}
{
    "name": "Med Network Eligibility Payer Comparison",
    "imageURL": "med_network_eligibility_payer_comparison.jpg",
    "tier": "2",
    "url": "http://status.emdeon.net/t/Solutions/views/MedicalNetworksMonthlyEligibilityClaimInquiryetc/PayerComparison",
    "ring1": "Organization",
    "ring2": "Network Solutions",
    "ring3": "Medical Network",
    "Parent-Business-Unit": "Network Solutions",
    "Business-Unit": "Medical Network",
    "metrics": ["Volume Comparison"],
    "filters": ["Transaction Group Name","Top 20 Payer Names","Year","Month","Par Status","Billable","Payer Parent Names","Submitter Names","Product Name","Error Code","Severity Code","Response Code"],
    "products": ["Medical Status"],
    "transactions-types": ["Eligibility","Claim Inquiry","Address Verification","Credit Report","Healthcare Services","Other Realtime Medical"],
    "tags": ["Realtime"]
}
{"index": {}}
{
    "name": "Med Network Submitter Billing",
    "imageURL": "med_network_submitter_billing.jpg",
    "tier": "2",
    "url": "http://pbnaaeap081/t/Solutions/views/DetailsVolumeComparisionReporting/SubmitterBilling",
    "ring1": "Organization",
    "ring2": "Network Solutions",
    "ring3": "Medical Network",
    "Parent-Business-Unit": "Network Solutions",
    "Business-Unit": "Medical Network",
    "metrics": ["Billable count","Billed count"],
    "filters": ["Transactional Volume","Involice Eligible","Invoiced","Invoiced Amount","Year","Month","Par Status","Submitter Name","Submitters Group Id","Pricing Plan","Billing Type","Payer Parent Name"],
    "products": ["Billing Systems"],
    "transactions-types": ["Claims"],
    "tags": ["Claim"]
}
{"index": {}}
{
    "name": "Med Network Payer Billing",
    "imageURL": "med_network_payer_billing.jpg",
    "tier": "2",
    "url": "http://pbnaaeap081/t/Solutions/views/DetailsVolumeComparisionReporting/PayerBilling",
    "ring1": "Organization",
    "ring2": "Network Solutions",
    "ring3": "Medical Network",
    "Parent-Business-Unit": "Network Solutions",
    "Business-Unit": "Medical Network",
    "metrics": ["Billable count","Billed count"],
    "filters": ["Transactional Volume","Involice Eligible","Invoiced","Invoiced Amount","Year","Month","Par Status","Payer Parent Name","Submitters Group Id","Pricing Plan","Billing Type","Submitter Name"],
    "products": ["Billing Systems"],
    "transactions-types": ["Claims"],
    "tags": ["Claim"]
}
{"index": {}}
{
    "name": "Med Network Combined Billing",
    "imageURL": "med_network_combined_billing.jpg",
    "tier": "1",
    "url": "http://pbnaaeap081/t/Solutions/views/DetailsVolumeComparisionReporting/CombinedBilling",
    "ring1": "Organization",
    "ring2": "Network Solutions",
    "ring3": "Medical Network",
    "Parent-Business-Unit": "Network Solutions",
    "Business-Unit": "Medical Network",
    "metrics": ["Billable count","Billed count"],
    "filters": ["Transactional Volume","Involice Eligible","Invoiced","Actual Billed","Actual Billed Amount","Year","Month","Submitter Name","Submitters Group Id","Billing Type"],
    "products": ["Billing Systems"],
    "transactions-types": ["Claims"],
    "tags": ["Claim"]
}
{"index": {}}
{
    "name": "Clinical Network Clinical Exchange Billing",
    "imageURL": "clinical_network_clinical_exchange_billing.jpg",
    "tier": "2",
    "url": "http://pbnaaeap081/t/Solutions/views/ClinicalBilling/ClinicalBillingColumns",
    "ring1": "Organization",
    "ring2": "Network Solutions",
    "ring3": "Clinical Network",
    "Parent-Business-Unit": "Network Solutions",
    "Business-Unit": "Clinical Network",
    "metrics": ["Billed Amount","Transaction count"],
    "filters": ["Month","billing id","customer","payer id","transaction type"],
    "products": ["Clinical Exchange"],
    "transactions-types": ["Billed Amount","Transactions"],
    "tags": []
}
{"index": {}}
{
    "name": "B2B Payments Product Output Metrics",
    "imageURL": "b2b_payments_product_output_metrics.jpg",
    "tier": "1",
    "url": "https://10.223.33.4/B2BReports.html",
    "ring1": "Organization",
    "ring2": "Network Solutions",
    "ring3": "B2B Payments",
    "Parent-Business-Unit": "Network Solutions",
    "Business-Unit": "B2B Payments",
    "metrics": ["Growth Rate","PTPV","Transaction Count","ATV"],
    "filters": ["Business"],
    "products": ["Legacy","TSS","DMS"],
    "transactions-types": ["Payment Count","Payment Amount"],
    "tags": []
}
{"index": {}}
{
    "name": "B2B Payments Product Input Metrics",
    "imageURL": "b2b_payments_product_input_metrics.jpg",
    "tier": "2",
    "url": "https://10.223.33.4/B2BReports.html",
    "ring1": "Organization",
    "ring2": "Network Solutions",
    "ring3": "B2B Payments",
    "Parent-Business-Unit": "Network Solutions",
    "Business-Unit": "B2B Payments",
    "metrics": ["ATV","Transaction Count","PTPV by Funding Mix"],
    "filters": ["Business","Year"],
    "products": ["Legacy Check","Legacy ACH","Legacy VCC","TSS Enhanced ACH","TSS Optum","TSS Transcend Pay","TSS IRS Lien","TSS EFT","TSS Check","TSS VCC","DMS ACH","DMS Check"],
    "transactions-types": ["Payment Count","Payment Amount"],
    "tags": []
}
{"index": {}}
{
    "name": "B2B Payments Product Output Detailed",
    "imageURL": "b2b_payments_product_output_detailed.jpg",
    "tier": "2",
    "url": "https://10.223.33.4/B2BReports.html",
    "ring1": "Organization",
    "ring2": "Network Solutions",
    "ring3": "B2B Payments",
    "Parent-Business-Unit": "Network Solutions",
    "Business-Unit": "B2B Payments",
    "metrics": ["PTPV","ATV","Transaction Count"],
    "filters": ["Business","Year","Day of Week","Payment Types"],
    "products": ["Legacy","TSS","DMS"],
    "transactions-types": ["Payment Count","Payment Amount"],
    "tags": []
}
{"index": {}}
{
    "name": "B2B Payments Revenue",
    "imageURL": "b2b_payments_revenue.jpg",
    "tier": "2",
    "url": "https://10.223.33.4/B2BReports.html",
    "ring1": "Organization",
    "ring2": "Network Solutions",
    "ring3": "B2B Payments",
    "Parent-Business-Unit": "Network Solutions",
    "Business-Unit": "B2B Payments",
    "metrics": ["Revenue","Revenue Actual vs Estimated","Revenue Detailed","Revenue by Funding Mix"],
    "filters": ["Business","Year","Payment Type","Revenue Type","GL Account #"],
    "products": ["Legacy Check","Legacy ACH","Legacy VCC"],
    "transactions-types": ["Revenue"],
    "tags": []
}
{"index": {}}
{
    "name": "B2B Payments VCC Predicted Attrition",
    "imageURL": "b2b_payments_vcc_predicted_attrition.jpg",
    "tier": "3",
    "url": "https://10.223.33.4/B2BReports.html",
    "ring1": "Organization",
    "ring2": "Network Solutions",
    "ring3": "B2B Payments",
    "Parent-Business-Unit": "Network Solutions",
    "Business-Unit": "B2B Payments",
    "metrics": ["VCC Payment Volume Share","VCC Payment Volume Share Detailed","Propensity to Churn score","VCC Transaction count in last 6 mo"],
    "filters": ["Business"," Year"," Customer"],
    "products": ["VCC"],
    "transactions-types": ["VCC Payment Volume","VCC Transaction count"],
    "tags": []
}
{"index": {}}
{
    "name": "C2B Payments Product Output Metrics",
    "imageURL": "c2b_payments_product_output_metrics.jpg",
    "tier": "1",
    "url": "http://pbnaaeap081/#/site/Solutions/views/ConsumerPayments/ProductOutputMetrics",
    "ring1": "Organization",
    "ring2": "Network Solutions",
    "ring3": "C2B Payments",
    "Parent-Business-Unit": "Network Solutions",
    "Business-Unit": "Consumer Payments",
    "metrics": ["Printed Statement Count","Contracted Statement Count","Growth Rate","PTPV","Transaction Count","Take Rate"],
    "filters": ["Date","Company Lost"],
    "products": ["eCashiering","IVR","Lockbox","PPOL","PC","SmartPay"],
    "transactions-types": ["Payment Count","Payment Amount"],
    "tags": []
}
{"index": {}}
{
    "name": "C2B Payments Forecast",
    "imageURL": "c2b_payments_forecast.jpg",
    "tier": "1",
    "url": "http://pbnaaeap081/#/site/Solutions/views/ConsumerPayments/Forecast",
    "ring1": "Organization",
    "ring2": "Network Solutions",
    "ring3": "C2B Payments",
    "Parent-Business-Unit": "Network Solutions",
    "Business-Unit": "Consumer Payments",
    "metrics": ["Forecast","PTPV"],
    "filters": [],
    "products": ["eCashiering","IVR","Lockbox","PPOL","PC","SmartPay"],
    "transactions-types": ["Payment Amount"],
    "tags": []
}
{"index": {}}
{
    "name": "C2B Payments Product Input Metrics",
    "imageURL": "c2b_payments_product_input_metrics.jpg",
    "tier": "2",
    "url": "http://pbnaaeap081/#/site/Solutions/views/ConsumerPayments/ProductInputMetrics",
    "ring1": "Organization",
    "ring2": "Network Solutions",
    "ring3": "C2B Payments",
    "Parent-Business-Unit": "Network Solutions",
    "Business-Unit": "Consumer Payments",
    "metrics": ["PTPV","Revenue","ATV","Transaction Count","PTPV by Funding Mix"],
    "filters": ["Year","Company Lost"],
    "products": ["eCashiering","IVR","Lockbox","PPOL","PC","SmartPay"],
    "transactions-types": ["Payment Count","Payment Amount"],
    "tags": []
}
{"index": {}}
{
    "name": "C2B Payments Product Metric Cuts",
    "imageURL": "c2b_payments_product_metric_cuts.jpg",
    "tier": "2",
    "url": "http://pbnaaeap081/#/site/Solutions/views/ConsumerPayments/ProductMetricsCuts",
    "ring1": "Organization",
    "ring2": "Network Solutions",
    "ring3": "C2B Payments",
    "Parent-Business-Unit": "Network Solutions",
    "Business-Unit": "Consumer Payments",
    "metrics": ["Growth Rate","PTPV","Transaction Count","ATV"],
    "filters": ["Year","Company Lost","Product","Funding Mix","Provider","Statement Type","Client Type","Transaction Type","Declined","Channel Partner Name"],
    "products": ["eCashiering","IVR","Lockbox","PPOL","PC","SmartPay"],
    "transactions-types": ["Payment Count","Payment Amount"],
    "tags": []
}
{"index": {}}
{
    "name": "C2B Payments Revenue",
    "imageURL": "c2b_payments_revenue.jpg",
    "tier": "2",
    "url": "http://pbnaaeap081/#/site/Solutions/views/ConsumerPayments/Revenue",
    "ring1": "Organization",
    "ring2": "Network Solutions",
    "ring3": "C2B Payments",
    "Parent-Business-Unit": "Network Solutions",
    "Business-Unit": "Consumer Payments",
    "metrics": ["Revenue","Estimated Revenue","Invoiced Amount"],
    "filters": ["Product, Year"],
    "products": ["eCashiering","IVR","Lockbox","PPOL","PC","SmartPay"],
    "transactions-types": ["Revenue","Invoice Amount"],
    "tags": []
}
{"index": {}}
{
    "name": "C2B Payments NPS & TPS",
    "imageURL": "c2b_payments_nps_&_tps.jpg",
    "tier": "2",
    "url": "http://pbnaaeap081/#/site/Solutions/views/ConsumerPayments/NPSTPS",
    "ring1": "Organization",
    "ring2": "Network Solutions",
    "ring3": "C2B Payments",
    "Parent-Business-Unit": "Network Solutions",
    "Business-Unit": "Consumer Payments",
    "metrics": ["NPS Survey Score","TPS Survey Score"],
    "filters": ["Product Name"],
    "products": ["eCashiering","IVR","Lockbox","PPOL","PC","SmartPay"],
    "transactions-types": ["Survey Score"],
    "tags": []
}
{"index": {}}
{
    "name": "C2B Payments Top 20 Providers",
    "imageURL": "c2b_payments_top_20_providers.jpg",
    "tier": "2",
    "url": "http://pbnaaeap081/#/site/Solutions/views/ConsumerPayments/TOP20PROVIDERS",
    "ring1": "Organization",
    "ring2": "Network Solutions",
    "ring3": "C2B Payments",
    "Parent-Business-Unit": "Network Solutions",
    "Business-Unit": "Consumer Payments",
    "metrics": ["Top 20 Growth or Decline"],
    "filters": ["Year","Month","Provider Name","Company Lost"],
    "products": ["eCashiering","IVR","Lockbox","PPOL","PC","SmartPay"],
    "transactions-types": ["Payment Count","Payment Amount"],
    "tags": []
}
{"index": {}}
{
    "name": "C2B Payments Full Payments Funnel",
    "imageURL": "c2b_payments_full_payments_funnel.jpg",
    "tier": "1",
    "url": "http://pbnaaeap081/t/Solutions/views/FunnelAnalyticsPC/FunnelMetrics",
    "ring1": "Organization",
    "ring2": "Network Solutions",
    "ring3": "C2B Payments",
    "Parent-Business-Unit": "Network Solutions",
    "Business-Unit": "Consumer Payments",
    "metrics": ["Payment Conversion Rate","Payment Latency","Print Cost","Printed Statement Sent Volume","Printed Statement Sent Amount","Contracted Statements Volume","Contracted Statements Amount","PTPV Volume","PTPV Amount","Revenue"],
    "filters": ["Date","Business","Product"],
    "products": ["eCashiering","IVR","Lockbox","PPOL","PC","SmartPay"],
    "transactions-types": ["Payments"],
    "tags": []
}
{"index": {}}
{
    "name": "C2B Payments P3 Home Page",
    "imageURL": "c2b_payments_p3_home_page.jpg",
    "tier": "3",
    "url": "https://incorta.healthcareit.net:8443/incorta/#/dashboard/4030ac7f-7762-4dcd-9aba-66de4d7942eb",
    "ring1": "Organization",
    "ring2": "Network Solutions",
    "ring3": "C2B Payments",
    "Parent-Business-Unit": "Network Solutions",
    "Business-Unit": "Consumer Payments",
    "metrics": ["Payment Count","Draw Down Count","Disbursement Count","Provider Count","Chargeback Count"],
    "filters": ["Date","Disbursement Partner"],
    "products": ["MPA"],
    "transactions-types": ["Payments"],
    "tags": []
}
{"index": {}}
{
    "name": "C2B Payments P3 Search Page",
    "imageURL": "c2b_payments_p3_search_page.jpg",
    "tier": "3",
    "url": "https://incorta.healthcareit.net:8443/incorta/#/dashboard/316fc535-8b30-4c52-908a-886c855eda8e",
    "ring1": "Organization",
    "ring2": "Network Solutions",
    "ring3": "C2B Payments",
    "Parent-Business-Unit": "Network Solutions",
    "Business-Unit": "Consumer Payments",
    "metrics": ["Payment Detail","Draw Down Detail","Disbursement Detail"],
    "filters": ["Date","Disbursement Partner"],
    "products": ["MPA"],
    "transactions-types": ["Payments"],
    "tags": []
}
{"index": {}}
{
    "name": "C2B Payments P3 Draw Down Report",
    "imageURL": "c2b_payments_p3_draw_down_report.jpg",
    "tier": "3",
    "url": "https://incorta.healthcareit.net:8443/incorta/#/dashboard/741a0257-6bdc-46e7-bcd8-0098bc247db7",
    "ring1": "Organization",
    "ring2": "Network Solutions",
    "ring3": "C2B Payments",
    "Parent-Business-Unit": "Network Solutions",
    "Business-Unit": "Consumer Payments",
    "metrics": ["Draw Down Detail"],
    "filters": ["Date","Disbursement Partner"],
    "products": ["MPA"],
    "transactions-types": ["Payments"],
    "tags": []
}
{"index": {}}
{
    "name": "C2B Payments P3 Draw Down Aging Report",
    "imageURL": "c2b_payments_p3_draw_down_aging_report.jpg",
    "tier": "3",
    "url": "https://incorta.healthcareit.net:8443/incorta/#/dashboard/efec890d-d9ed-4052-b4b2-3c1886275d2a",
    "ring1": "Organization",
    "ring2": "Network Solutions",
    "ring3": "C2B Payments",
    "Parent-Business-Unit": "Network Solutions",
    "Business-Unit": "Consumer Payments",
    "metrics": ["Draw Down Aging Detail"],
    "filters": ["Date","Disbursement Partner"],
    "products": ["MPA"],
    "transactions-types": ["Payments"],
    "tags": []
}
{"index": {}}
{
    "name": "C2B Payments P3 Disbursement Report",
    "imageURL": "c2b_payments_p3_disbursement_report.jpg",
    "tier": "3",
    "url": "https://incorta.healthcareit.net:8443/incorta/#/dashboard/b4b0c78a-e844-4497-8e72-c9dc6f647429",
    "ring1": "Organization",
    "ring2": "Network Solutions",
    "ring3": "C2B Payments",
    "Parent-Business-Unit": "Network Solutions",
    "Business-Unit": "Consumer Payments",
    "metrics": ["Disbursement Detail"],
    "filters": ["Date","Disbursement Partner"],
    "products": ["MPA"],
    "transactions-types": ["Payments"],
    "tags": []
}
{"index": {}}
{
    "name": "C2B Payments P3 Disbursement Aging Report",
    "imageURL": "c2b_payments_p3_disbursement_aging_report.jpg",
    "tier": "3",
    "url": "https://incorta.healthcareit.net:8443/incorta/#/dashboard/e168d252-6676-4e06-8df5-fe5ec68854af",
    "ring1": "Organization",
    "ring2": "Network Solutions",
    "ring3": "C2B Payments",
    "Parent-Business-Unit": "Network Solutions",
    "Business-Unit": "Consumer Payments",
    "metrics": ["Disbursement Aging Detail"],
    "filters": ["Date","Disbursement Partner"],
    "products": ["MPA"],
    "transactions-types": ["Payments"],
    "tags": []
}
{"index": {}}
{
    "name": "C2B Payments P3 Settlement Report",
    "imageURL": "c2b_payments_p3_settlement_report.jpg",
    "tier": "3",
    "url": "https://incorta.healthcareit.net:8443/incorta/#/dashboard/77fa5d05-430c-42ad-ac70-a2cd13744f14",
    "ring1": "Organization",
    "ring2": "Network Solutions",
    "ring3": "C2B Payments",
    "Parent-Business-Unit": "Network Solutions",
    "Business-Unit": "Consumer Payments",
    "metrics": ["Payment Settlement Detail"],
    "filters": ["Date","Disbursement Partner"],
    "products": ["MPA"],
    "transactions-types": ["Payments"],
    "tags": []
}
{"index": {}}
{
    "name": "C2B Payments PC Summary",
    "imageURL": "c2b_payments_pc_summary.jpg",
    "tier": "3",
    "url": "http://pbnaaeap081/#/site/Solutions/views/PMC/PCSummary",
    "ring1": "Organization",
    "ring2": "Network Solutions",
    "ring3": "C2B Payments",
    "Parent-Business-Unit": "Network Solutions",
    "Business-Unit": "Consumer Payments",
    "metrics": ["Email Sent Count","Email Bounce Count","Email Delivered Count","Email Opens Count","Email Clicks Count"],
    "filters": ["Provider Name","Date","Geography"],
    "products": ["PC"],
    "transactions-types": ["Email Activity","Payments"],
    "tags": []
}
{"index": {}}
{
    "name": "C2B Payments PC Provider Monthly Campaign Detail",
    "imageURL": "c2b_payments_pc_provider_monthly_campaign_detail.jpg",
    "tier": "3",
    "url": "http://pbnaaeap081/#/site/Solutions/views/PMC/PCProviderMonthlyCampaignDetails",
    "ring1": "Organization",
    "ring2": "Network Solutions",
    "ring3": "C2B Payments",
    "Parent-Business-Unit": "Network Solutions",
    "Business-Unit": "Consumer Payments",
    "metrics": ["Email Sent Count","Email Bounce Count","Email Delivered Count","Email Opens Count","Email Clicks Count"],
    "filters": ["Provider Name","Date","Campaign ID","Geography"],
    "products": ["PC"],
    "transactions-types": ["Email Activity","Payments"],
    "tags": []
}
{"index": {}}
{
    "name": "C2B Payments PC Additional Details",
    "imageURL": "c2b_payments_pc_additional_details.jpg",
    "tier": "3",
    "url": "http://pbnaaeap081/#/site/Solutions/views/PMC/PCAdditionalDetails",
    "ring1": "Organization",
    "ring2": "Network Solutions",
    "ring3": "C2B Payments",
    "Parent-Business-Unit": "Network Solutions",
    "Business-Unit": "Consumer Payments",
    "metrics": ["Emails Sent","User Location"],
    "filters": ["Date"],
    "products": ["PC"],
    "transactions-types": ["Email Activity","Payments"],
    "tags": []
}
{"index": {}}
{
    "name": "C2B Payments PC Attribution Funnel",
    "imageURL": "c2b_payments_pc_attribution_funnel.jpg",
    "tier": "3",
    "url": "http://pbnaaeap081/t/Solutions/views/FunnelAnalyticsPC/PCActivities",
    "ring1": "Organization",
    "ring2": "Network Solutions",
    "ring3": "C2B Payments",
    "Parent-Business-Unit": "Network Solutions",
    "Business-Unit": "Consumer Payments",
    "metrics": ["Email Sent Count","Email Bounce Count","Email Delivered Count","Email Opens Count","Email Clicks Count","Payments Collected","Payments Amount","Payments Conversion Rate"],
    "filters": ["Date","Customer"],
    "products": ["PC"],
    "transactions-types": ["Email Activity","Payments"],
    "tags": []
}
{"index": {}}
{
    "name": "C2B Payments PC Payments Breakdown",
    "imageURL": "c2b_payments_pc_payments_breakdown.jpg",
    "tier": "3",
    "url": "http://pbnaaeap081/t/Solutions/views/FunnelAnalyticsPC/PCPayments",
    "ring1": "Organization",
    "ring2": "Network Solutions",
    "ring3": "C2B Payments",
    "Parent-Business-Unit": "Network Solutions",
    "Business-Unit": "Consumer Payments",
    "metrics": ["Payment Amount","Payment Transactions"],
    "filters": ["Date"],
    "products": ["PC"],
    "transactions-types": ["Payment Count","Payment Amount"],
    "tags": []
}
{"index": {}}
{
    "name": "Print Output Metrics",
    "imageURL": "print_output_metrics.jpg",
    "tier": "1",
    "url": "http://pbnaaeap081/#/site/Solutions/views/PrintDashboard/PrintOutputMetrics",
    "ring1": "Organization",
    "ring2": "TES",
    "ring3": "Print (CPS)",
    "Parent-Business-Unit": "Technology-Enabled Services",
    "Business-Unit": "Print (CPS)",
    "metrics": ["Growth Rate","Print Volume"],
    "filters": ["Source"],
    "products": ["MCDS","PBPS","DMS"],
    "transactions-types": ["Print Volume"],
    "tags": []
}
{"index": {}}
{
    "name": "Print Volume Overall",
    "imageURL": "print_volume_overall.jpg",
    "tier": "1",
    "url": "http://pbnaaeap081/#/site/Solutions/views/PrintDashboard/PrintsVolumeOverall",
    "ring1": "Organization",
    "ring2": "TES",
    "ring3": "Print (CPS)",
    "Parent-Business-Unit": "Technology-Enabled Services",
    "Business-Unit": "Print (CPS)",
    "metrics": ["Print Volume Overall"],
    "filters": ["Year"],
    "products": ["MCDS","PBPS","DMS"],
    "transactions-types": ["Print Volume"],
    "tags": []
}
{"index": {}}
{
    "name": "Print Estimated Revenue",
    "imageURL": "print_estimated_revenue.jpg",
    "tier": "1",
    "url": "http://pbnaaeap081/#/site/Solutions/views/PrintDashboard/PrintEstimatedRevenue",
    "ring1": "Organization",
    "ring2": "TES",
    "ring3": "Print (CPS)",
    "Parent-Business-Unit": "Technology-Enabled Services",
    "Business-Unit": "Print (CPS)",
    "metrics": ["Estimated Revenue"],
    "filters": ["Client Type","Product Type"],
    "products": ["MCDS","PBPS","DMS"],
    "transactions-types": ["Estimated Revenue"],
    "tags": []
}
{"index": {}}
{
    "name": "Print Input Metrics",
    "imageURL": "print_input_metrics.jpg",
    "tier": "1",
    "url": "http://pbnaaeap081/#/site/Solutions/views/PrintDashboard/PrintInputMetrics",
    "ring1": "Organization",
    "ring2": "TES",
    "ring3": "Print (CPS)",
    "Parent-Business-Unit": "Technology-Enabled Services",
    "Business-Unit": "Print (CPS)",
    "metrics": ["Print Volume Distribution","Print Volume"],
    "filters": ["Client Type","Product Type"],
    "products": ["MCDS","PBPS","DMS"],
    "transactions-types": ["Print Volume"],
    "tags": []
}
{"index": {}}
{
    "name": "Print Revenue",
    "imageURL": "print_revenue.jpg",
    "tier": "1",
    "url": "http://pbnaaeap081/#/site/Solutions/views/PrintDashboard/PrintRevenue",
    "ring1": "Organization",
    "ring2": "TES",
    "ring3": "Print (CPS)",
    "Parent-Business-Unit": "Technology-Enabled Services",
    "Business-Unit": "Print (CPS)",
    "metrics": ["Revenue","Transactions"],
    "filters": ["Customer","Source"],
    "products": ["MCDS","PBPS","DMS","IXT","ExpressBill"],
    "transactions-types": ["Print Volume","Revenue"],
    "tags": []
}
{"index": {}}
{
    "name": "Print Detailed Metrics",
    "imageURL": "print_detailed_metrics.jpg",
    "tier": "2",
    "url": "http://pbnaaeap081/#/site/Solutions/views/PrintDashboard/PrintDetailedMetrics",
    "ring1": "Organization",
    "ring2": "TES",
    "ring3": "Print (CPS)",
    "Parent-Business-Unit": "Technology-Enabled Services",
    "Business-Unit": "Print (CPS)",
    "metrics": ["Growth Rate","Print Volume"],
    "filters": ["Year","Client Type","Product Type","Source"],
    "products": ["MCDS","PBPS","DMS"],
    "transactions-types": ["Print Volume"],
    "tags": []
}
{"index": {}}
{
    "name": "Print Tracking Received File Aging Dashboard",
    "imageURL": "print_tracking_received_file_aging_dashboard.jpg",
    "tier": "3",
    "url": "http://status.emdeon.net/#/site/Solutions/views/PrintAgingDashboard/ReceivedFileAgingDashboard",
    "ring1": "Organization",
    "ring2": "TES",
    "ring3": "Print (CPS)",
    "Parent-Business-Unit": "Technology-Enabled Services",
    "Business-Unit": "Print (CPS)",
    "metrics": ["Elapsed Received Time","Received File Count"],
    "filters": ["Hours Aged","Received File","Account","Customer Name","Backlink","PJobID","MapKey"],
    "products": ["Express Bill Print Process"],
    "transactions-types": ["Print Job"],
    "tags": []
}
{"index": {}}
{
    "name": "Print Tracking Received File Event Drilldown",
    "imageURL": "print_tracking_received_file_event_drilldown.jpg",
    "tier": "3",
    "url": "http://status.emdeon.net/#/site/Solutions/views/PrintAgingDashboard/ReceivedFileEventDrilldown",
    "ring1": "Organization",
    "ring2": "TES",
    "ring3": "Print (CPS)",
    "Parent-Business-Unit": "Technology-Enabled Services",
    "Business-Unit": "Print (CPS)",
    "metrics": ["Elapsed Received Time","Event Duration"],
    "filters": ["Hours Aged","Received File","Account","Customer Name","Backlink","PJobID","MapKey"],
    "products": ["Express Bill Print Process"],
    "transactions-types": ["Print Job"],
    "tags": []
}
{"index": {}}
{
    "name": "Print Tracking Received File Date Drilldown",
    "imageURL": "print_tracking_received_file_date_drilldown.jpg",
    "tier": "3",
    "url": "http://status.emdeon.net/#/site/Solutions/views/PrintAgingDashboard/ReceivedFileDateDrilldown",
    "ring1": "Organization",
    "ring2": "TES",
    "ring3": "Print (CPS)",
    "Parent-Business-Unit": "Technology-Enabled Services",
    "Business-Unit": "Print (CPS)",
    "metrics": ["Elapsed Received Time","Event Duration","Received File Count"],
    "filters": [],
    "products": ["Express Bill Print Process"],
    "transactions-types": ["Print Job"],
    "tags": []
}
{"index": {}}
{
    "name": "Print Tracking Processed File Aging Dashboard",
    "imageURL": "print_tracking_processed_file_aging_dashboard.jpg",
    "tier": "3",
    "url": "http://status.emdeon.net/#/site/Solutions/views/PrintAgingDashboard/ProcessedFileAgingDashboard",
    "ring1": "Organization",
    "ring2": "TES",
    "ring3": "Print (CPS)",
    "Parent-Business-Unit": "Technology-Enabled Services",
    "Business-Unit": "Print (CPS)",
    "metrics": ["Elapsed Received Time","Processed File Count"],
    "filters": [],
    "products": ["Express Bill Print Process"],
    "transactions-types": ["Print Job"],
    "tags": []
}
{"index": {}}
{
    "name": "Print Tracking Processed File Event Drilldown",
    "imageURL": "print_tracking_processed_file_event_drilldown.jpg",
    "tier": "3",
    "url": "http://status.emdeon.net/#/site/Solutions/views/PrintAgingDashboard/ProcessedFileEventDrilldown",
    "ring1": "Organization",
    "ring2": "TES",
    "ring3": "Print (CPS)",
    "Parent-Business-Unit": "Technology-Enabled Services",
    "Business-Unit": "Print (CPS)",
    "metrics": ["Elapsed Received Time","Event Duration"],
    "filters": [],
    "products": ["Express Bill Print Process"],
    "transactions-types": ["Print Job"],
    "tags": []
}
{"index": {}}
{
    "name": "Print Tracking Processed File Date Drilldown",
    "imageURL": "print_tracking_processed_file_date_drilldown.jpg",
    "tier": "3",
    "url": "http://status.emdeon.net/#/site/Solutions/views/PrintAgingDashboard/ProcessedFileDateDrilldown",
    "ring1": "Organization",
    "ring2": "S&A",
    "ring3": "Print (CPS)",
    "Parent-Business-Unit": "Technology-Enabled Services",
    "Business-Unit": "Print (CPS)",
    "metrics": ["Elapsed Received Time","Event Duration","Processed File Count"],
    "filters": [],
    "products": ["Express Bill Print Process"],
    "transactions-types": ["Print Job"],
    "tags": []
}
{"index": {}}
{
    "name": "RCM Revenue",
    "imageURL": "rcm_revenue.jpg",
    "tier": "2",
    "url": "http://pbnaaeap081/#/site/Solutions/views/RCMDashboard/Revenue",
    "ring1": "Organization",
    "ring2": "S&A",
    "ring3": "RCM",
    "Parent-Business-Unit": "Software & Analytics",
    "Business-Unit": "RCM",
    "metrics": ["Revenue"],
    "filters": ["Monthly","Quarterly","Product","Chart Type"],
    "products": ["Accupost","Assistant","Claim Master","Emdeon One","Encircle","Office","Patient Access"],
    "transactions-types": ["Revenue"],
    "tags": []
}
{"index": {}}
{
    "name": "RCM Sales AOV",
    "imageURL": "rcm_sales_aov.jpg",
    "tier": "2",
    "url": "http://pbnaaeap081/#/site/Solutions/views/RCMDashboard/SalesAOV",
    "ring1": "Organization",
    "ring2": "S&A",
    "ring3": "RCM",
    "Parent-Business-Unit": "Software & Analytics",
    "Business-Unit": "RCM",
    "metrics": ["Sales AOV","Win Rate","Sales AOV Growth Rate"],
    "filters": ["Product","Chart Type","Closed Won","Closed Lost"],
    "products": ["Accupost","Assistant","Claim Master","Emdeon One","Encircle","Office","Patient Access"],
    "transactions-types": ["Sales AOV"],
    "tags": []
}
{"index": {}}
{
    "name": "RCM Sales Pipeline",
    "imageURL": "rcm_sales_pipeline.jpg",
    "tier": "2",
    "url": "http://pbnaaeap081/#/site/Solutions/views/RCMDashboard/SalesPipeline",
    "ring1": "Organization",
    "ring2": "S&A",
    "ring3": "RCM",
    "Parent-Business-Unit": "Software & Analytics",
    "Business-Unit": "RCM",
    "metrics": ["Sales Pipeline"],
    "filters": ["Year","Month","Product Group"],
    "products": ["Accupost","Assistant","Claim Master","Emdeon One","Encircle","Office","Patient Access","PRE"],
    "transactions-types": ["AOV"],
    "tags": []
}
{"index": {}}
{
    "name": "RCM Attrition",
    "imageURL": "rcm_attrition.jpg",
    "tier": "2",
    "url": "http://pbnaaeap081/#/site/Solutions/views/RCMDashboard/Attrition",
    "ring1": "Organization",
    "ring2": "S&A",
    "ring3": "RCM",
    "Parent-Business-Unit": "Software & Analytics",
    "Business-Unit": "RCM",
    "metrics": ["Attrition Client Count","Attrition Dollar Impact"],
    "filters": ["Date","Product","Chart Type","Amount Type"],
    "products": ["Accupost","Assistant","Claim Master","Emdeon One","Encircle","Office","Patient Access"],
    "transactions-types": ["Attrition"],
    "tags": []
}
{"index": {}}
{
    "name": "RCM TPS",
    "imageURL": "rcm_tps.jpg",
    "tier": "2",
    "url": "http://pbnaaeap081/#/site/Solutions/views/RCMDashboard/TPS",
    "ring1": "Organization",
    "ring2": "S&A",
    "ring3": "RCM",
    "Parent-Business-Unit": "Software & Analytics",
    "Business-Unit": "RCM",
    "metrics": ["NPS Survey Score","TPS Survey Score"],
    "filters": ["Product"],
    "products": ["Accupost","Assistant","CEA","ClaimMaster","Clinical Exchange","DME/MedRX","e-Services","Network Services","Office","Paper Claiming","Patient Access","Payment Automation","Payment Distribution","Payment Services","PBPS","Provider Full Service"],
    "transactions-types": ["TPS","NPS"],
    "tags": []
}
{"index": {}}
{
    "name": "RCM Transactions",
    "imageURL": "rcm_transactions.jpg",
    "tier": "2",
    "url": "http://pbnaaeap081/#/site/Solutions/views/RCMDashboard/Transactions",
    "ring1": "Organization",
    "ring2": "S&A",
    "ring3": "RCM",
    "Parent-Business-Unit": "Software & Analytics",
    "Business-Unit": "RCM",
    "metrics": ["Transaction Count","Expected Revenue"],
    "filters": ["Date","Product"],
    "products": ["Accupost","Assistant","Claim Master","Emdeon One","Encircle","Office","Patient Access"],
    "transactions-types": ["Claim Status","Claims","Elibility","ERA"],
    "tags": []
}
{"index": {}}
{
    "name": "Risk Analytics Membership Counts Summary",
    "imageURL": "risk_analytics_membership_counts_summary.jpg",
    "tier": "1",
    "url": "http://spotfire.healthcareit.net/spotfire/wp/render/Ec8ZiX1YoZF-EccClo/analysis?file=/Product%20Analytics/Decision%20Analytics%20Dashboard&waid=g9lsDeViAkCGWJ9Ik1eJb-2114392c44OOaX",
    "ring1": "Organization",
    "ring2": "S&A",
    "ring3": "Decision Analytics",
    "Parent-Business-Unit": "Software & Analytics",
    "Business-Unit": "Decision Analytics",
    "metrics": ["Membership Counts"],
    "filters": ["Market Segment","Year","Month","Commercial","Medicare","Medicaid"],
    "products": ["Encounters","Claims Submissions","Risk Analytics","EMR Risk Advisor","Altegra"],
    "transactions-types": ["Membership"],
    "tags": []
}
{"index": {}}
{
    "name": "Risk Analytics Encounters & Claims Submissions",
    "imageURL": "risk_analytics_encounters_&_claims_submissions.jpg",
    "tier": "2",
    "url": "http://spotfire.healthcareit.net/spotfire/wp/render/Ec8ZiX1YoZF-EccClo/analysis?file=Product%20Analytics/Decision%20Analytics%20Dashboard&waid=g9lsDeViAkCGWJ9Ik1eJb-2114392c44OOaX&wavid=2",
    "ring1": "Organization",
    "ring2": "S&A",
    "ring3": "Decision Analytics",
    "Parent-Business-Unit": "Software & Analytics",
    "Business-Unit": "Decision Analytics",
    "metrics": ["Membership Counts"],
    "filters": ["Market Segment","Year","Month","Commercial","Medicare","Medicaid","Encounters & Claims Submissions","Risk Analytics / EMR Risk Advisor"],
    "products": ["Encounters","Claims Submissions","Risk Analytics","EMR Risk Advisor","Altegra"],
    "transactions-types": ["Membership"],
    "tags": []
}
{"index": {}}
{
    "name": "Risk Analytics Membership Trends",
    "imageURL": "risk_analytics_membership_trends.jpg",
    "tier": "1",
    "url": "http://spotfire.healthcareit.net/spotfire/wp/render/Ec8ZiX1YoZF-EccClo/analysis?file=/Product%20Analytics/Decision%20Analytics%20Dashboard&waid=ht9boaYvTECcuSZmfyhiv-2114392c44OOaX&wavid=0",
    "ring1": "Organization",
    "ring2": "S&A",
    "ring3": "Decision Analytics",
    "Parent-Business-Unit": "Software & Analytics",
    "Business-Unit": "Decision Analytics",
    "metrics": ["Membership Counts"],
    "filters": ["Customer","Date","Market Segment","Commercial","Medicare","Mediacid"],
    "products": ["Encounters","Claims Submissions","Risk Analytics","EMR Risk Advisor","Altegra"],
    "transactions-types": ["Membership"],
    "tags": []
}
{"index": {}}
{
    "name": "ETPM Capital Expenses Summarized\n ",
    "imageURL": "etpm_capital_expenses_summarized\n_.jpg",
    "tier": "1",
    "url": "http://status.emdeon.net/#/site/Solutions/views/CapitalExpensesForProjectManagers/CapitalExpensesSummarized",
    "ring1": "Organization",
    "ring2": "R&D IT",
    "ring3": "ETPM",
    "Parent-Business-Unit": "R&D IT",
    "Business-Unit": "ETPM",
    "metrics": ["Spend","Budget and Approved Dollar Values"],
    "filters": ["Solution Segment","Solution Area","Solution","Project","Status","Year"],
    "products": [],
    "transactions-types": ["CAPEX Spend"],
    "tags": []
}
{"index": {}}
{
    "name": "ETPM CAPEX Tracker Capital Expenses Individual",
    "imageURL": "etpm_capex_tracker_capital_expenses_individual.jpg",
    "tier": "2",
    "url": "http://status.emdeon.net/#/site/Solutions/views/CapitalExpensesForProjectManagers/CapitalExpensesIndividual",
    "ring1": "Organization",
    "ring2": "R&D IT",
    "ring3": "ETPM",
    "Parent-Business-Unit": "R&D IT",
    "Business-Unit": "ETPM",
    "metrics": ["Spend","Budget and Approved Dollar Values"],
    "filters": ["Solution Segment","Solution Area","Solution","Project","Status","Year"],
    "products": [],
    "transactions-types": ["CAPEX Spend"],
    "tags": []
}
{"index": {}}
{
    "name": "ETPM CAPEX Tracker Capital Expenses Easy Download",
    "imageURL": "etpm_capex_tracker_capital_expenses_easy_download.jpg",
    "tier": "2",
    "url": "http://status.emdeon.net/#/site/Solutions/views/CapitalExpensesForProjectManagers/CapitalExpensesEasyDownload_1",
    "ring1": "Organization",
    "ring2": "R&D IT",
    "ring3": "ETPM",
    "Parent-Business-Unit": "R&D IT",
    "Business-Unit": "ETPM",
    "metrics": ["Spend","Budget and Approved Dollar Values"],
    "filters": ["Solution Segment","Solution Area","Solution","Project","Status","Year"],
    "products": [],
    "transactions-types": ["CAPEX Spend"],
    "tags": []
}
{"index": {}}
{
    "name": "ETPM CAPEX Tracker Lifetime Spend by Type",
    "imageURL": "etpm_capex_tracker_lifetime_spend_by_type.jpg",
    "tier": "2",
    "url": "http://status.emdeon.net/#/site/Solutions/views/CapitalExpensesForProjectManagers/LifetimeSpendbyType",
    "ring1": "Organization",
    "ring2": "R&D IT",
    "ring3": "ETPM",
    "Parent-Business-Unit": "R&D IT",
    "Business-Unit": "ETPM",
    "metrics": ["Spend","Budget and Approved Dollar Values"],
    "filters": ["Solution Segment","Solution Area","Solution","Project","Status","Year","Internal Labor","External Labor","Capital Licenses","HW/SW"],
    "products": [],
    "transactions-types": ["CAPEX Spend"],
    "tags": []
}
{"index": {}}
{
    "name": "ETPM CAPEX Tracker Spend vs Budget",
    "imageURL": "etpm_capex_tracker_spend_vs_budget.jpg",
    "tier": "2",
    "url": "http://status.emdeon.net/#/site/Solutions/views/CapitalExpensesForProjectManagers/SpendvsBudget",
    "ring1": "Organization",
    "ring2": "R&D IT",
    "ring3": "ETPM",
    "Parent-Business-Unit": "R&D IT",
    "Business-Unit": "ETPM",
    "metrics": ["Spend","Budget"],
    "filters": ["Solution Segment","Solution Area","Solution","Project","Status","Year","Over","Remaining","In-budget spend"],
    "products": [],
    "transactions-types": ["CAPEX Spend"],
    "tags": []
}
{"index": {}}
{
    "name": "ETPM CAPEX Tracker Lifetime Spend by Year",
    "imageURL": "etpm_capex_tracker_lifetime_spend_by_year.jpg",
    "tier": "2",
    "url": "http://status.emdeon.net/#/site/Solutions/views/CapitalExpensesForProjectManagers/LifetimeSpendbyYear",
    "ring1": "Organization",
    "ring2": "R&D IT",
    "ring3": "ETPM",
    "Parent-Business-Unit": "R&D IT",
    "Business-Unit": "ETPM",
    "metrics": ["Lifetime Spend"],
    "filters": ["Solution Segment","Solution Area","Solution","Project","Status","Year","Internal Labor","External Labor","Capital Licenses","HW/SW"],
    "products": [],
    "transactions-types": ["CAPEX Spend"],
    "tags": []
}
{"index": {}}
{
    "name": "ETPM CAPEX Tracker Yearly Spend by Type",
    "imageURL": "etpm_capex_tracker_yearly_spend_by_type.jpg",
    "tier": "2",
    "url": "http://status.emdeon.net/#/site/Solutions/views/CapitalExpensesForProjectManagers/YearlySpendbyType",
    "ring1": "Organization",
    "ring2": "R&D IT",
    "ring3": "ETPM",
    "Parent-Business-Unit": "R&D IT",
    "Business-Unit": "ETPM",
    "metrics": ["Yearly Spend"],
    "filters": ["Solution Segment","Solution Area","Solution","Project","Status","Year","Internal Labor","External Labor","Capital Licenses","HW/SW"],
    "products": [],
    "transactions-types": ["CAPEX Spend"],
    "tags": []
}
{"index": {}}
{
    "name": "ETPM CAPEX Tracker Yearly Spend",
    "imageURL": "etpm_capex_tracker_yearly_spend.jpg",
    "tier": "2",
    "url": "http://status.emdeon.net/#/site/Solutions/views/CapitalExpensesForProjectManagers/YearlySpend",
    "ring1": "Organization",
    "ring2": "R&D IT",
    "ring3": "ETPM",
    "Parent-Business-Unit": "R&D IT",
    "Business-Unit": "ETPM",
    "metrics": ["Yearly Spend"],
    "filters": ["Solution Segment","Solution Area","Solution","Project","Status","Year","Internal Labor","External Labor","Capital Licenses","HW/SW"],
    "products": [],
    "transactions-types": ["CAPEX Spend"],
    "tags": []
}
{"index": {}}
{
    "name": "ETPM CAPEX Tracker Monthly Spend",
    "imageURL": "etpm_capex_tracker_monthly_spend.jpg",
    "tier": "2",
    "url": "http://status.emdeon.net/#/site/Solutions/views/CapitalExpensesForProjectManagers/MonthlySpend",
    "ring1": "Organization",
    "ring2": "R&D IT",
    "ring3": "ETPM",
    "Parent-Business-Unit": "R&D IT",
    "Business-Unit": "ETPM",
    "metrics": ["Monthly Spend"],
    "filters": ["Solution Segment","Solution Area","Solution","Project","Status","Year","Internal Labor","External Labor","Capital Licenses","HW/SW"],
    "products": [],
    "transactions-types": ["CAPEX Spend"],
    "tags": []
}
{"index": {}}
{
    "name": "Finance Pricing UBS Pricing Report",
    "imageURL": "finance_pricing_ubs_pricing_report.jpg",
    "tier": "2",
    "url": "http://pbnaaeap081/t/Solutions/views/UBSData/Dashboard1",
    "ring1": "Organization",
    "ring2": "Finance",
    "ring3": "Pricing",
    "Parent-Business-Unit": "Finance",
    "Business-Unit": "Pricing",
    "metrics": ["UBS Billing"],
    "filters": ["Client ID","Product ID","Name","Product Code","Transaction Type","Rule Type"],
    "products": [],
    "transactions-types": ["Billing"],
    "tags": []
}
{"index": {}}
{
    "name": "Clinical Network Clinical Exchange Billing",
    "imageURL": "clinical_network_clinical_exchange_billing.jpg",
    "tier": "2",
    "url": "http://pbnaaeap081/t/Solutions/views/ClinicalBilling/ClinicalBillingColumns",
    "ring1": "Organization",
    "ring2": "Finance",
    "ring3": "Pricing",
    "Parent-Business-Unit": "Network Solutions",
    "Business-Unit": "Clinical Network",
    "metrics": ["Month","billing id","customer","payer id","transaction type"],
    "filters": ["Month","billing id","customer","payer id","transaction type"],
    "products": ["Clinical Exchange"],
    "transactions-types": ["Billed Amount","Transactions"],
    "tags": []
}
{"index": {}}
{
    "name": "Infosec Risk Remediation Risk Register",
    "imageURL": "infosec_risk_remediation_risk_register.jpg",
    "tier": "1",
    "url": "http://pbnaaeap081/#/site/Solutions/views/InfoSecSlides/RRRiskRegister",
    "ring1": "Organization",
    "ring2": "R&D IT",
    "ring3": "Infosec",
    "Parent-Business-Unit": "R&D IT",
    "Business-Unit": "Infosec",
    "metrics": ["Risk Remediation"],
    "filters": ["Year","Month","Executive Owner"],
    "products": [],
    "transactions-types": ["Risk Remediation"],
    "tags": []
}
{"index": {}}
{
    "name": "Infosec RR Risk Details",
    "imageURL": "infosec_rr_risk_details.jpg",
    "tier": "2",
    "url": "http://pbnaaeap081/#/site/Solutions/views/InfoSecSlides/RRRiskDetails",
    "ring1": "Organization",
    "ring2": "R&D IT",
    "ring3": "Infosec",
    "Parent-Business-Unit": "R&D IT",
    "Business-Unit": "Infosec",
    "metrics": ["Risk Remediation"],
    "filters": ["Year","Month","Executive Owner"],
    "products": [],
    "transactions-types": ["Risk Remediation"],
    "tags": []
}
{"index": {}}
{
    "name": "Infosec Risk Trends",
    "imageURL": "infosec_risk_trends.jpg",
    "tier": "1",
    "url": "http://pbnaaeap081/#/site/Solutions/views/InfoSecSlides/RisksTrend",
    "ring1": "Organization",
    "ring2": "R&D IT",
    "ring3": "Infosec",
    "Parent-Business-Unit": "R&D IT",
    "Business-Unit": "Infosec",
    "metrics": ["Risk Count"],
    "filters": ["Risk Level"],
    "products": [],
    "transactions-types": ["Risk Count"],
    "tags": []
}
{"index": {}}
{
    "name": "Infosec IR Security Tools Inventory",
    "imageURL": "infosec_ir_security_tools_inventory.jpg",
    "tier": "1",
    "url": "http://pbnaaeap081/#/site/Solutions/views/InfoSecSlides/IRSecurityToolsInventory",
    "ring1": "Organization",
    "ring2": "R&D IT",
    "ring3": "Infosec",
    "Parent-Business-Unit": "R&D IT",
    "Business-Unit": "Infosec",
    "metrics": ["Security Tools"],
    "filters": ["Security Tools Deployed"],
    "products": [],
    "transactions-types": ["Security Tools"],
    "tags": []
}
{"index": {}}
{
    "name": "Infosec IR Synopsis",
    "imageURL": "infosec_ir_synopsis.jpg",
    "tier": "1",
    "url": "http://pbnaaeap081/#/site/Solutions/views/InfoSecSlides/IRSynopsis",
    "ring1": "Organization",
    "ring2": "R&D IT",
    "ring3": "Infosec",
    "Parent-Business-Unit": "R&D IT",
    "Business-Unit": "Infosec",
    "metrics": ["Incident Response"],
    "filters": ["Year","Month"],
    "products": [],
    "transactions-types": ["Incident Response"],
    "tags": []
}
{"index": {}}
{
    "name": "Infosec Incident Response",
    "imageURL": "infosec_incident_response.jpg",
    "tier": "2",
    "url": "http://pbnaaeap081/#/site/Solutions/views/InfoSecSlides/IncidentResponse",
    "ring1": "Organization",
    "ring2": "R&D IT",
    "ring3": "Infosec",
    "Parent-Business-Unit": "R&D IT",
    "Business-Unit": "Infosec",
    "metrics": ["Incident Response","Events Reported","Total vs Closed"],
    "filters": ["Year","Month"],
    "products": [],
    "transactions-types": ["Incident Response"],
    "tags": []
}
{"index": {}}
{
    "name": "Infosec VR Vendor Growth",
    "imageURL": "infosec_vr_vendor_growth.jpg",
    "tier": "1",
    "url": "http://pbnaaeap081/#/site/Solutions/views/InfoSecSlides/VRVendorGrowth",
    "ring1": "Organization",
    "ring2": "R&D IT",
    "ring3": "Infosec",
    "Parent-Business-Unit": "R&D IT",
    "Business-Unit": "Infosec",
    "metrics": ["Registered Vendors Count"],
    "filters": ["Year","Month"],
    "products": [],
    "transactions-types": ["Vendor Count"],
    "tags": []
}
{"index": {}}
{
    "name": "Infosec Cumulative Top Findings",
    "imageURL": "infosec_cumulative_top_findings.jpg",
    "tier": "1",
    "url": "http://pbnaaeap081/#/site/Solutions/views/InfoSecSlides/CumulativeTopFindings",
    "ring1": "Organization",
    "ring2": "R&D IT",
    "ring3": "Infosec",
    "Parent-Business-Unit": "R&D IT",
    "Business-Unit": "Infosec",
    "metrics": ["Top Findings"],
    "filters": ["Year","Month"],
    "products": [],
    "transactions-types": ["Top Findings"],
    "tags": []
}
