{
 "name": "Sherlock Data Analytics",
 "children": [
  {
   "name": "Organization",
    "link": "<double-click-link>",
     "children": [
      {
        "name": "Software & Analytics", 
        "children": [
          {"name": "RCM", "size": 1},
          {"name": "Decision Analytics", "size": 1}
        ]
      },
      {
        "name": "Network Solutions", 
        "children": [
          {"name": "Medical Network", "size": 1},
          {"name": "B2B Payments", "size": 1},
          {"name": "C2B Payments", "size": 1},
          {"name": "MedRx Network", "size": 1}
        ]
      },
      {
        "name": "Technology Enabled Services", 
        "children": [
          {"name": "Print (CPS)", "size": 2}
        ]
      },
      {
        "name": "R&D / IT", 
        "children": [
          {"name": "Infosec", "size": 1},
          {"name": "ETPM", "size": 1}
        ]
      },
      {
        "name": "Finance", 
        "children": [
          {"name": "Pricing", "size": 1}
        ]
      }
    ]
   },
   {
    "name": "Spend",
    "size": 1,
    "link": "<double-click-link>"
   },
   {
    "name": "Revenue",
    "size": 1,
    "link": "<double-click-link>"
   },
   {
    "name": "Sales",
    "size": 1,
    "link": "<double-click-link>"
   },
   {
    "name": "Customer",
    "size": 1,
    "link": "<double-click-link>"
   },
   {
    "name": "Product",
    "size": 1,
    "link": "<double-click-link>"
   }
 ]
}