{
 "name": "Sherlock Data Analytics",
 "color": "#FFFFFF",
 "children": [
  {
   "name": "Organization",
   "color": "#EFF0EF",
     "children": [
      {
        "name": "Software & Analytics", 
        "color": "#EB3FAC",
        "children": [
          {"name": "RCM", "size": 1, "color": "#C73692", "link": "ring3#RCM"},
          {"name": "Decision Analytics", "size": 2, "color": "F079C5", "link": "ring3#Decision Analytics"}
        ]
      },
      {
        "name": "Network Solutions", 
        "color": "#119999",
        "children": [
          {"name": "Medical Network", "size": 1, "color": "#065453", "link": "ring3#Medical Network"},
          {"name": "B2B Payments", "size": 1, "color": "#0C8182", "link": "ring3#B2B Payments"},
          {"name": "C2B Payments", "size": 1, "color": "#4CB8B8", "link": "ring3#C2B Payments"},
          {"name": "MedRx Network", "size": 1, "color": "#B2E1E1", "link": "ring3#Clinical Network"}
        ]
      },
      {
        "name": "Technology Enabled Services", 
        "color": "#8415DA",
        "children": [
          {"name": "Print (CPS)", "size": 2, "color": "#7011B8", "link": "ring3#Print (CPS)"}
        ]
      },
      {
        "name": "R&D / IT", 
        "color": "#44EBA7",
        "children": [
          {"name": "Infosec", "size": 1, "color": "#A0F3D2", "link": "ring3#Infosec"},
          {"name": "ETPM", "size": 1, "color": "#3AC88C", "link": "ring3#ETPM"}
        ]
      },
      {
        "name": "Finance", 
        "color": "#FF6942",
        "children": [
          {"name": "Pricing", "size": 1, "color": "#D95937", "link": "ring3#Pricing"}
        ]
      }
    ]
   },
   {
    "name": "Spend",
    "color": "#EFF0EF",
    "size": 1,
    "link": "lens#spend"
   },
   {
    "name": "Revenue",
    "size": 1,
    "color": "#EFF0EF",
    "link": "lens#revenue"
   },
   {
    "name": "Sales",
    "size": 1,
    "color": "#EFF0EF",
    "link": "lens#sales"
   },
   {
    "name": "Customer",
    "color": "#EFF0EF",
    "size": 1,
    "link": "lens#customer"
   },
   {
    "name": "Product",
    "color": "#EFF0EF",
    "size": 1,
    "link": "lens#product"
   }
 ]
}
